Meas_num,Date,Label,ID,Treatment,Area,acini_segment,type,hue,saturation,brightness
1,20190123,20190123-1-10X.jpg,1,Ambient,456.384,A,total_area,NA,NA,NA
2,20190123,20190123-1-10X.jpg,1,Ambient,18,A,lumen,198:255,0.:255,68:255
3,20190123,20190123-1-10X.jpg,1,Ambient,42.427,A,zoa,158:185,195:255,58:255
4,20190123,20190123-1-10X.jpg,1,Ambient,355.198,A,cytes_zoa,158:185,88:255,58:255
1,20190123,20190123-1-10X.jpg,1,Ambient,192.375,B,total_area,NA,NA,NA
2,20190123,20190123-1-10X.jpg,1,Ambient,0,B,lumen,NA,NA,NA
3,20190123,20190123-1-10X.jpg,1,Ambient,0,B,zoa,NA,NA,NA
4,20190123,20190123-1-10X.jpg,1,Ambient,172.071,B,cytes_zoa,109:197,88:255,58:255
1,20190123,20190123-1-10X.jpg,1,Ambient,411.344,C,total_area,NA,NA,NA
2,20190123,20190123-1-10X.jpg,1,Ambient,16.066,C,lumen,198:255,93:175,58:200
3,20190123,20190123-1-10X.jpg,1,Ambient,9.16,C,zoa,158:185,202:255,58:172
4,20190123,20190123-1-10X.jpg,1,Ambient,285.161,C,cytes_zoa,158:185,88:255,58:255
1,20190123,20190123-1-10X.jpg,1,Ambient,123.285,D,total_area,NA,NA,NA
2,20190123,20190123-1-10X.jpg,1,Ambient,2.615,D,lumen,198:255,0.:255,68:255
3,20190123,20190123-1-10X.jpg,1,Ambient,6.33,D,zoa,158:185,195:255,58:255
4,20190123,20190123-1-10X.jpg,1,Ambient,66.853,D,cytes_zoa,158:185,154:255,58:255
1,20190123,20190123-003-10X.jpg,_003,Low,374.082,A,total_area,NA,NA,NA
2,20190123,20190123-003-10X.jpg,_003,Low,22.972,A,lumen,198:255,0.:255,68:255
3,20190123,20190123-003-10X.jpg,_003,Low,25.585,A,zoa,158:185,195:255,58:203
4,20190123,20190123-003-10X.jpg,_003,Low,255.264,A,cytes_zoa,158:185,128:255,58:255
1,20190123,20190123-003-10X.jpg,_003,Low,479.183,B,total_area,NA,NA,NA
2,20190123,20190123-003-10X.jpg,_003,Low,50.254,B,lumen,198:255,73:255,55:255
3,20190123,20190123-003-10X.jpg,_003,Low,51.659,B,zoa,159:180,195:255,145:216
4,20190123,20190123-003-10X.jpg,_003,Low,280.698,B,cytes_zoa,109:197,128:255,58:255
1,20190123,20190123-003-10X.jpg,_003,Low,231.085,C,total_area,NA,NA,NA
2,20190123,20190123-003-10X.jpg,_003,Low,6.122,C,lumen,198:255,73:255,55:255
3,20190123,20190123-003-10X.jpg,_003,Low,11.78,C,zoa,159:180,195:255,145:210
4,20190123,20190123-003-10X.jpg,_003,Low,156.985,C,cytes_zoa,109:197,128:255,58:255
1,20190123,20190123-003-10X.jpg,_003,Low,127.684,D,total_area,NA,NA,NA
2,20190123,20190123-003-10X.jpg,_003,Low,3.899,D,lumen,198:255,143:255,55:255
3,20190123,20190123-003-10X.jpg,_003,Low,15.932,D,zoa,158:185,195:255,145:210
4,20190123,20190123-003-10X.jpg,_003,Low,71.112,D,cytes_zoa,158:185,128:255,58:255
1,20190123,20190123-003-10X.jpg,_003,Low,142.511,E,total_area,NA,NA,NA
2,20190123,20190123-003-10X.jpg,_003,Low,3.146,E,lumen,198:255,117:255,55:255
3,20190123,20190123-003-10X.jpg,_003,Low,13.874,E,zoa,158:185,195:255,145:210
4,20190123,20190123-003-10X.jpg,_003,Low,97.543,E,cytes_zoa,158:185,142:255,58:255
1,20190123,20190123-4-10X.jpg,4,Ambient,914.399,A,total_area,NA,NA,NA
2,20190123,20190123-4-10X.jpg,4,Ambient,113.169,A,lumen,198:255,80:255,91:255
3,20190123,20190123-4-10X.jpg,4,Ambient,95.329,A,zoa,158:185,195:255,145:210
4,20190123,20190123-4-10X.jpg,4,Ambient,423.619,A,cytes_zoa,158:185,142:255,58:255
1,20190123,20190123-4-10X.jpg,4,Ambient,2223.548,B,total_area,NA,NA,NA
2,20190123,20190123-4-10X.jpg,4,Ambient,257.139,B,lumen,198:255,129:255,141:255
3,20190123,20190123-4-10X.jpg,4,Ambient,195.524,B,zoa,158:185,195:255,145:210
4,20190123,20190123-4-10X.jpg,4,Ambient,971.966,B,cytes_zoa,158:185,142:255,58:255
1,20190123,20190123-4-10X.jpg,4,Ambient,891.089,C,total_area,NA,NA,NA
2,20190123,20190123-4-10X.jpg,4,Ambient,91.825,C,lumen,198:255,129:255,141:255
3,20190123,20190123-4-10X.jpg,4,Ambient,95.399,C,zoa,158:185,195:255,145:210
4,20190123,20190123-4-10X.jpg,4,Ambient,420.472,C,cytes_zoa,158:185,142:255,58:255
1,20190123,20190123-4-10X.jpg,4,Ambient,446.613,D,total_area,NA,NA,NA
2,20190123,20190123-4-10X.jpg,4,Ambient,39.772,D,lumen,198:255,109:255,151:255
3,20190123,20190123-4-10X.jpg,4,Ambient,72.318,D,zoa,158:185,195:255,145:210
4,20190123,20190123-4-10X.jpg,4,Ambient,247.043,D,cytes_zoa,158:185,142:255,58:255
1,20190123,20190123-4-10X.jpg,4,Ambient,510.079,E,total_area,NA,NA,NA
2,20190123,20190123-4-10X.jpg,4,Ambient,27.999,E,lumen,198:255,109:255,151:255
3,20190123,20190123-4-10X.jpg,4,Ambient,89.082,E,zoa,158:185,195:255,145:210
4,20190123,20190123-4-10X.jpg,4,Ambient,279.2,E,cytes_zoa,158:185,142:255,58:255
1,20190123,20190123-5-10X.jpg,5,Ambient,270.826,A,total_area,NA,NA,NA
2,20190123,20190123-5-10X.jpg,5,Ambient,0,A,lumen,NA,NA,NA
3,20190123,20190123-5-10X.jpg,5,Ambient,0,A,zoa,NA,NA,NA
4,20190123,20190123-5-10X.jpg,5,Ambient,159.899,A,cytes_zoa,109:197,142:255,58:255
1,20190123,20190123-5-10X.jpg,5,Ambient,701.004,B,total_area,NA,NA,NA
2,20190123,20190123-5-10X.jpg,5,Ambient,13.226,B,lumen,204:255,140:255,0.177083333
3,20190123,20190123-5-10X.jpg,5,Ambient,15.2,B,zoa,158:185,215:255,145:210
4,20190123,20190123-5-10X.jpg,5,Ambient,348.516,B,cytes_zoa,158:185,142:255,58:255
1,20190123,20190123-5-10X.jpg,5,Ambient,522.934,C,total_area,NA,NA,NA
2,20190123,20190123-5-10X.jpg,5,Ambient,0,C,lumen,NA,NA,NA
3,20190123,20190123-5-10X.jpg,5,Ambient,0,C,zoa,NA,NA,NA
4,20190123,20190123-5-10X.jpg,5,Ambient,237.819,C,cytes_zoa,109:197,142:255,58:255
1,20190123,20190123-5-10X.jpg,5,Ambient,471.07,D,total_area,NA,NA,NA
2,20190123,20190123-5-10X.jpg,5,Ambient,10.467,D,lumen,211:227,118:255,81:235
3,20190123,20190123-5-10X.jpg,5,Ambient,17.574,D,zoa,158:185,195:255,85:150
4,20190123,20190123-5-10X.jpg,5,Ambient,264.591,D,cytes_zoa,158:185,142:255,58:255
1,20190123,20190123-5-10X.jpg,5,Ambient,241.599,E,total_area,NA,NA,NA
2,20190123,20190123-5-10X.jpg,5,Ambient,0,E,lumen,NA,NA,NA
3,20190123,20190123-5-10X.jpg,5,Ambient,0,E,zoa,NA,NA,NA
4,20190123,20190123-5-10X.jpg,5,Ambient,132.777,E,cytes_zoa,109:197,142:255,58:255
1,20190123,20190123-013-10X.jpg,_013,Low,410.358,A,total_area,NA,NA,NA
2,20190123,20190123-013-10X.jpg,_013,Low,22.387,A,lumen,198:255,120:255,91:235
3,20190123,20190123-013-10X.jpg,_013,Low,44.125,A,zoa,158:185,195:255,85:222
4,20190123,20190123-013-10X.jpg,_013,Low,259.669,A,cytes_zoa,158:185,142:255,58:255
1,20190123,20190123-013-10X.jpg,_013,Low,520.355,B,total_area,NA,NA,NA
2,20190123,20190123-013-10X.jpg,_013,Low,38.547,B,lumen,198:255,120:255,91:235
3,20190123,20190123-013-10X.jpg,_013,Low,116.462,B,zoa,158:185,195:255,85:222
4,20190123,20190123-013-10X.jpg,_013,Low,317.259,B,cytes_zoa,158:185,142:255,58:255
1,20190123,20190123-013-10X.jpg,_013,Low,630.751,C,total_area,NA,NA,NA
2,20190123,20190123-013-10X.jpg,_013,Low,37.564,C,lumen,198:255,120:255,85:255
3,20190123,20190123-013-10X.jpg,_013,Low,68.615,C,zoa,158:185,195:255,85:215
4,20190123,20190123-013-10X.jpg,_013,Low,385.4,C,cytes_zoa,158:185,142:255,85:255
1,20190123,20190123-013-10X.jpg,_013,Low,336.549,D,total_area,NA,NA,NA
2,20190123,20190123-013-10X.jpg,_013,Low,25.146,D,lumen,198:255,120:255,85:255
3,20190123,20190123-013-10X.jpg,_013,Low,34.491,D,zoa,158:185,195:255,85:215
4,20190123,20190123-013-10X.jpg,_013,Low,219.486,D,cytes_zoa,158:185,142:255,85:255
1,20190123,20190123-016-10X.jpg,_016,Low,130.081,A,total_area,NA,NA,NA
2,20190123,20190123-016-10X.jpg,_016,Low,5.089,A,lumen,198:255,120:255,85:255
3,20190123,20190123-016-10X.jpg,_016,Low,10.893,A,zoa,158:185,195:255,85:215
4,20190123,20190123-016-10X.jpg,_016,Low,81.219,A,cytes_zoa,158:185,142:255,85:255
1,20190123,20190123-016-10X.jpg,_016,Low,239.216,B,total_area,NA,NA,NA
2,20190123,20190123-016-10X.jpg,_016,Low,0.859,B,lumen,198:255,120:255,85:255
3,20190123,20190123-016-10X.jpg,_016,Low,5.685,B,zoa,158:185,195:255,85:215
4,20190123,20190123-016-10X.jpg,_016,Low,143.813,B,cytes_zoa,158:185,142:255,85:255
1,20190123,20190123-016-10X.jpg,_016,Low,121.175,C,total_area,NA,NA,NA
2,20190123,20190123-016-10X.jpg,_016,Low,2.434,C,lumen,198:255,120:255,85:255
3,20190123,20190123-016-10X.jpg,_016,Low,11.585,C,zoa,158:185,195:255,85:215
4,20190123,20190123-016-10X.jpg,_016,Low,72.349,C,cytes_zoa,158:185,142:255,85:255
1,20190123,20190123-016-10X.jpg,_016,Low,117.388,D,total_area,NA,NA,NA
2,20190123,20190123-016-10X.jpg,_016,Low,0,D,lumen,NA,NA,NA
3,20190123,20190123-016-10X.jpg,_016,Low,0,D,zoa,NA,NA,NA
4,20190123,20190123-016-10X.jpg,_016,Low,56.052,D,cytes_zoa,109:185,142:255,85:255
1,20190123,20190123-018-10X.jpg,_018,Low,240.334,A,total_area,NA,NA,NA
2,20190123,20190123-018-10X.jpg,_018,Low,19.124,A,lumen,198:255,120:255,85:255
3,20190123,20190123-018-10X.jpg,_018,Low,29.838,A,zoa,158:185,195:255,85:215
4,20190123,20190123-018-10X.jpg,_018,Low,105.669,A,cytes_zoa,158:185,142:255,85:255
1,20190123,20190123-018-10X.jpg,_018,Low,424.068,B,total_area,NA,NA,NA
2,20190123,20190123-018-10X.jpg,_018,Low,33.361,B,lumen,198:255,120:255,85:255
3,20190123,20190123-018-10X.jpg,_018,Low,90.375,B,zoa,158:185,195:255,85:215
4,20190123,20190123-018-10X.jpg,_018,Low,214.261,B,cytes_zoa,158:185,142:255,85:255
1,20190123,20190123-018-10X.jpg,_018,Low,197.447,C,total_area,NA,NA,NA
2,20190123,20190123-018-10X.jpg,_018,Low,14.364,C,lumen,198:255,120:255,85:255
3,20190123,20190123-018-10X.jpg,_018,Low,35.005,C,zoa,158:185,195:255,85:215
4,20190123,20190123-018-10X.jpg,_018,Low,108.764,C,cytes_zoa,158:185,142:255,85:255
1,20190123,20190123-018-10X.jpg,_018,Low,282.958,D,total_area,NA,NA,NA
2,20190123,20190123-018-10X.jpg,_018,Low,28.854,D,lumen,198:255,120:255,85:255
3,20190123,20190123-018-10X.jpg,_018,Low,42.291,D,zoa,158:185,195:255,85:215
4,20190123,20190123-018-10X.jpg,_018,Low,117.876,D,cytes_zoa,158:185,142:255,85:255
1,20190123,20190123-037-10X.jpg,_037,Low,702.157,A,total_area,NA,NA,NA
2,20190123,20190123-037-10X.jpg,_037,Low,44.424,A,lumen,198:255,120:255,85:255
3,20190123,20190123-037-10X.jpg,_037,Low,103.757,A,zoa,159:185,195:255,85:215
4,20190123,20190123-037-10X.jpg,_037,Low,355.106,A,cytes_zoa,109:185,142:255,85:255
1,20190123,20190123-037-10X.jpg,_037,Low,267.33,B,total_area,NA,NA,NA
2,20190123,20190123-037-10X.jpg,_037,Low,16.353,B,lumen,198:255,120:255,85:255
3,20190123,20190123-037-10X.jpg,_037,Low,11.295,B,zoa,158:185,195:255,85:215
4,20190123,20190123-037-10X.jpg,_037,Low,113.867,B,cytes_zoa,158:185,142:255,85:255
1,20190123,20190123-037-10X.jpg,_037,Low,296.833,C,total_area,NA,NA,NA
2,20190123,20190123-037-10X.jpg,_037,Low,6.747,C,lumen,198:255,120:255,85:255
3,20190123,20190123-037-10X.jpg,_037,Low,17.494,C,zoa,158:185,195:255,85:215
4,20190123,20190123-037-10X.jpg,_037,Low,141.249,C,cytes_zoa,158:185,142:255,85:255
1,20190123,20190123-037-10X.jpg,_037,Low,378.778,D,total_area,NA,NA,NA
2,20190123,20190123-037-10X.jpg,_037,Low,17.966,D,lumen,198:255,120:255,85:255
3,20190123,20190123-037-10X.jpg,_037,Low,75.666,D,zoa,158:185,195:255,85:215
4,20190123,20190123-037-10X.jpg,_037,Low,245.123,D,cytes_zoa,158:185,142:255,85:255
1,20190123,20190123-040-10X.jpg,_040,Low,621.076,A,total_area,NA,NA,NA
2,20190123,20190123-040-10X.jpg,_040,Low,44.879,A,lumen,198:255,120:255,85:255
3,20190123,20190123-040-10X.jpg,_040,Low,71.978,A,zoa,158:185,195:255,85:215
4,20190123,20190123-040-10X.jpg,_040,Low,307.017,A,cytes_zoa,158:185,142:255,85:255
1,20190123,20190123-040-10X.jpg,_040,Low,163.466,B,total_area,NA,NA,NA
2,20190123,20190123-040-10X.jpg,_040,Low,0.955,B,lumen,198:255,120:255,85:255
3,20190123,20190123-040-10X.jpg,_040,Low,10.381,B,zoa,158:185,195:255,85:215
4,20190123,20190123-040-10X.jpg,_040,Low,90.837,B,cytes_zoa,158:185,142:255,85:255
1,20190123,20190123-040-10X.jpg,_040,Low,333.135,C,total_area,NA,NA,NA
2,20190123,20190123-040-10X.jpg,_040,Low,41.937,C,lumen,198:255,120:255,85:255
3,20190123,20190123-040-10X.jpg,_040,Low,64.197,C,zoa,158:185,195:255,85:215
4,20190123,20190123-040-10X.jpg,_040,Low,144.83,C,cytes_zoa,158:185,142:255,85:255
1,20190123,20190123-040-10X.jpg,_040,Low,149.88,D,total_area,NA,NA,NA
2,20190123,20190123-040-10X.jpg,_040,Low,6.57,D,lumen,198:255,120:255,85:255
3,20190123,20190123-040-10X.jpg,_040,Low,20.711,D,zoa,158:185,195:255,85:215
4,20190123,20190123-040-10X.jpg,_040,Low,90.947,D,cytes_zoa,158:185,142:255,85:255
1,20190123,20190123-041-10X.jpg,_041,Ambient,656.924,A,total_area,NA,NA,NA
2,20190123,20190123-041-10X.jpg,_041,Ambient,46.951,A,lumen,198:255,120:255,85:255
3,20190123,20190123-041-10X.jpg,_041,Ambient,106.641,A,zoa,158:185,195:255,85:215
4,20190123,20190123-041-10X.jpg,_041,Ambient,331.285,A,cytes_zoa,158:185,142:255,85:255
1,20190123,20190123-041-10X.jpg,_041,Ambient,458.855,B,total_area,NA,NA,NA
2,20190123,20190123-041-10X.jpg,_041,Ambient,42.722,B,lumen,198:255,120:255,85:255
3,20190123,20190123-041-10X.jpg,_041,Ambient,58.491,B,zoa,158:185,195:255,85:215
4,20190123,20190123-041-10X.jpg,_041,Ambient,225.044,B,cytes_zoa,158:185,142:255,85:255
1,20190123,20190123-041-10X.jpg,_041,Ambient,454.26,C,total_area,NA,NA,NA
2,20190123,20190123-041-10X.jpg,_041,Ambient,27.774,C,lumen,198:255,120:255,85:255
3,20190123,20190123-041-10X.jpg,_041,Ambient,31.022,C,zoa,158:185,195:255,85:215
4,20190123,20190123-041-10X.jpg,_041,Ambient,185.563,C,cytes_zoa,158:185,142:255,85:255
1,20190123,20190123-041-10X.jpg,_041,Ambient,330.668,D,total_area,NA,NA,NA
2,20190123,20190123-041-10X.jpg,_041,Ambient,20.338,D,lumen,198:255,120:255,85:255
3,20190123,20190123-041-10X.jpg,_041,Ambient,67.205,D,zoa,158:185,195:255,85:215
4,20190123,20190123-041-10X.jpg,_041,Ambient,188.933,D,cytes_zoa,158:185,142:255,85:255
1,20190123,20190123-044-10X.jpg,_044,Ambient,592.9,A,total_area,NA,NA,NA
2,20190123,20190123-044-10X.jpg,_044,Ambient,59.146,A,lumen,198:255,120:255,85:255
3,20190123,20190123-044-10X.jpg,_044,Ambient,18.697,A,zoa,158:185,195:255,85:215
4,20190123,20190123-044-10X.jpg,_044,Ambient,300.751,A,cytes_zoa,158:185,142:255,85:255
1,20190123,20190123-044-10X.jpg,_044,Ambient,891.128,B,total_area,NA,NA,NA
2,20190123,20190123-044-10X.jpg,_044,Ambient,111.895,B,lumen,198:255,120:255,85:255
3,20190123,20190123-044-10X.jpg,_044,Ambient,154.689,B,zoa,158:185,195:255,85:215
4,20190123,20190123-044-10X.jpg,_044,Ambient,331.766,B,cytes_zoa,158:185,142:255,85:255
1,20190123,20190123-044-10X.jpg,_044,Ambient,1065.106,C,total_area,NA,NA,NA
2,20190123,20190123-044-10X.jpg,_044,Ambient,105.588,C,lumen,198:255,120:255,85:255
3,20190123,20190123-044-10X.jpg,_044,Ambient,167.858,C,zoa,158:185,195:255,85:215
4,20190123,20190123-044-10X.jpg,_044,Ambient,459.171,C,cytes_zoa,158:185,142:255,85:255
1,20190123,20190123-044-10X.jpg,_044,Ambient,472.699,D,total_area,NA,NA,NA
2,20190123,20190123-044-10X.jpg,_044,Ambient,35.362,D,lumen,198:255,120:255,85:255
3,20190123,20190123-044-10X.jpg,_044,Ambient,91.452,D,zoa,158:185,195:255,85:215
4,20190123,20190123-044-10X.jpg,_044,Ambient,267.761,D,cytes_zoa,158:185,142:255,85:255
1,20190221,20190221-002-10X.jpg,_002,Low,1039.472,A,total_area,NA,NA,NA
2,20190221,20190221-002-10X.jpg,_002,Low,145.398,A,lumen,198:255,120:255,90:215
3,20190221,20190221-002-10X.jpg,_002,Low,376.921,A,zoa,158:185,195:255,90:215
4,20190221,20190221-002-10X.jpg,_002,Low,725.877,A,cytes_zoa,158:195,145:255,90:215
1,20190221,20190221-002-10X.jpg,_002,Low,457.264,B,total_area,NA,NA,NA
2,20190221,20190221-002-10X.jpg,_002,Low,42.747,B,lumen,198:255,120:255,90:215
3,20190221,20190221-002-10X.jpg,_002,Low,257.672,B,zoa,158:185,195:255,90:215
4,20190221,20190221-002-10X.jpg,_002,Low,329.148,B,cytes_zoa,158:195,145:255,90:215
1,20190221,20190221-002-10X.jpg,_002,Low,937.691,C,total_area,NA,NA,NA
2,20190221,20190221-002-10X.jpg,_002,Low,116.284,C,lumen,198:255,120:255,90:215
3,20190221,20190221-002-10X.jpg,_002,Low,240.053,C,zoa,158:185,195:255,90:215
4,20190221,20190221-002-10X.jpg,_002,Low,546.431,C,cytes_zoa,158:195,145:255,90:215
1,20190221,20190221-002-10X.jpg,_002,Low,1142.44,D,total_area,NA,NA,NA
2,20190221,20190221-002-10X.jpg,_002,Low,95.85,D,lumen,198:255,120:255,90:215
3,20190221,20190221-002-10X.jpg,_002,Low,302.295,D,zoa,158:185,195:255,90:215
4,20190221,20190221-002-10X.jpg,_002,Low,738.658,D,cytes_zoa,158:195,145:255,90:215
1,20190221,20190221-007-10X.jpg,_007,Low,377.236,A,total_area,NA,NA,NA
2,20190221,20190221-007-10X.jpg,_007,Low,19.71,A,lumen,198:255,120:255,90:215
3,20190221,20190221-007-10X.jpg,_007,Low,41.513,A,zoa,158:185,195:255,90:215
4,20190221,20190221-007-10X.jpg,_007,Low,210.118,A,cytes_zoa,158:195,145:255,90:215
1,20190221,20190221-007-10X.jpg,_007,Low,244.559,B,total_area,NA,NA,NA
2,20190221,20190221-007-10X.jpg,_007,Low,12.159,B,lumen,198:255,120:255,90:215
3,20190221,20190221-007-10X.jpg,_007,Low,41.592,B,zoa,158:185,195:255,90:215
4,20190221,20190221-007-10X.jpg,_007,Low,145.872,B,cytes_zoa,158:195,145:255,90:215
1,20190221,20190221-007-10X.jpg,_007,Low,241.468,C,total_area,NA,NA,NA
2,20190221,20190221-007-10X.jpg,_007,Low,5.259,C,lumen,198:255,120:255,90:215
3,20190221,20190221-007-10X.jpg,_007,Low,33.92,C,zoa,158:185,195:255,90:215
4,20190221,20190221-007-10X.jpg,_007,Low,165.141,C,cytes_zoa,158:195,145:255,90:215
1,20190221,20190221-007-10X.jpg,_007,Low,214.081,D,total_area,NA,NA,NA
2,20190221,20190221-007-10X.jpg,_007,Low,4.135,D,lumen,198:255,120:255,90:215
3,20190221,20190221-007-10X.jpg,_007,Low,30.376,D,zoa,158:185,195:255,90:215
4,20190221,20190221-007-10X.jpg,_007,Low,156.626,D,cytes_zoa,158:195,145:255,90:215
1,20190221,20190221-012-10X.jpg,_012,Low,641.293,A,total_area,NA,NA,NA
2,20190221,20190221-012-10X.jpg,_012,Low,73.063,A,lumen,198:255,120:255,90:215
3,20190221,20190221-012-10X.jpg,_012,Low,173.468,A,zoa,158:185,195:255,90:215
4,20190221,20190221-012-10X.jpg,_012,Low,477.524,A,cytes_zoa,158:195,145:255,90:215
1,20190221,20190221-012-10X.jpg,_012,Low,301.567,B,total_area,NA,NA,NA
2,20190221,20190221-012-10X.jpg,_012,Low,49.945,B,lumen,198:255,120:255,90:215
3,20190221,20190221-012-10X.jpg,_012,Low,93.052,B,zoa,158:185,195:255,90:215
4,20190221,20190221-012-10X.jpg,_012,Low,207.993,B,cytes_zoa,158:195,145:255,90:215
1,20190221,20190221-012-10X.jpg,_012,Low,627.426,C,total_area,NA,NA,NA
2,20190221,20190221-012-10X.jpg,_012,Low,93.695,C,lumen,198:256,120:256,90:215
3,20190221,20190221-012-10X.jpg,_012,Low,199.411,C,zoa,158:205,195:256,90:215
4,20190221,20190221-012-10X.jpg,_012,Low,359.236,C,cytes_zoa,158:215,145:256,90:215
1,20190221,20190221-012-10X.jpg,_012,Low,324.792,D,total_area,NA,NA,NA
2,20190221,20190221-012-10X.jpg,_012,Low,46.875,D,lumen,198:256,120:256,90:215
3,20190221,20190221-012-10X.jpg,_012,Low,77.27,D,zoa,158:205,195:256,90:215
4,20190221,20190221-012-10X.jpg,_012,Low,196.512,D,cytes_zoa,158:215,145:256,90:215
1,20190221,20190221-014-10X.jpg,_014,Low,163.543,A,total_area,NA,NA,NA
2,20190221,20190221-014-10X.jpg,_014,Low,3.649,A,lumen,198:256,120:256,90:215
3,20190221,20190221-014-10X.jpg,_014,Low,6.943,A,zoa,158:205,195:256,90:215
4,20190221,20190221-014-10X.jpg,_014,Low,80.521,A,cytes_zoa,158:215,145:256,90:215
1,20190221,20190221-014-10X.jpg,_014,Low,180.166,B,total_area,NA,NA,NA
2,20190221,20190221-014-10X.jpg,_014,Low,3.778,B,lumen,198:256,120:256,90:215
3,20190221,20190221-014-10X.jpg,_014,Low,22.685,B,zoa,158:205,195:256,90:215
4,20190221,20190221-014-10X.jpg,_014,Low,101.512,B,cytes_zoa,158:215,145:256,90:215
1,20190221,20190221-014-10X.jpg,_014,Low,95.248,C,total_area,NA,NA,NA
2,20190221,20190221-014-10X.jpg,_014,Low,0.76,C,lumen,198:257,120:257,90:215
3,20190221,20190221-014-10X.jpg,_014,Low,3.02,C,zoa,158:225,195:257,90:215
4,20190221,20190221-014-10X.jpg,_014,Low,50.874,C,cytes_zoa,158:235,145:257,90:215
1,20190221,20190221-014-10X.jpg,_014,Low,269.121,D,total_area,NA,NA,NA
2,20190221,20190221-014-10X.jpg,_014,Low,3.163,D,lumen,198:257,120:257,90:215
3,20190221,20190221-014-10X.jpg,_014,Low,19.541,D,zoa,158:225,195:257,90:215
4,20190221,20190221-014-10X.jpg,_014,Low,151.648,D,cytes_zoa,158:235,145:257,90:215
1,20190221,20190221-15-10X.jpg,15,Ambient,968.814,A,total_area,NA,NA,NA
2,20190221,20190221-15-10X.jpg,15,Ambient,77.808,A,lumen,198:257,120:257,90:215
3,20190221,20190221-15-10X.jpg,15,Ambient,93.166,A,zoa,158:225,195:257,90:215
4,20190221,20190221-15-10X.jpg,15,Ambient,429.764,A,cytes_zoa,158:235,145:257,90:215
1,20190221,20190221-15-10X.jpg,15,Ambient,1769.826,B,total_area,NA,NA,NA
2,20190221,20190221-15-10X.jpg,15,Ambient,99.209,B,lumen,198:257,120:257,90:215
3,20190221,20190221-15-10X.jpg,15,Ambient,204.492,B,zoa,158:225,195:257,90:215
4,20190221,20190221-15-10X.jpg,15,Ambient,892.202,B,cytes_zoa,158:235,145:257,90:215
1,20190221,20190221-15-10X.jpg,15,Ambient,293.883,C,total_area,NA,NA,NA
2,20190221,20190221-15-10X.jpg,15,Ambient,21.149,C,lumen,198:258,120:258,90:215
3,20190221,20190221-15-10X.jpg,15,Ambient,28.02,C,zoa,158:245,195:258,90:215
4,20190221,20190221-15-10X.jpg,15,Ambient,149.54,C,cytes_zoa,158:255,145:258,90:215
1,20190221,20190221-15-10X.jpg,15,Ambient,880.55,D,total_area,NA,NA,NA
2,20190221,20190221-15-10X.jpg,15,Ambient,95.81,D,lumen,198:258,120:258,90:215
3,20190221,20190221-15-10X.jpg,15,Ambient,110.525,D,zoa,158:245,195:258,90:215
4,20190221,20190221-15-10X.jpg,15,Ambient,485.933,D,cytes_zoa,158:255,145:258,90:215
1,20190221,20190221-020-10X.jpg,_020,Low,545.951,A,total_area,NA,NA,NA
2,20190221,20190221-020-10X.jpg,_020,Low,38.743,A,lumen,198:258,120:258,90:215
3,20190221,20190221-020-10X.jpg,_020,Low,127.065,A,zoa,158:245,195:258,90:215
4,20190221,20190221-020-10X.jpg,_020,Low,356.788,A,cytes_zoa,158:255,145:258,90:215
1,20190221,20190221-020-10X.jpg,_020,Low,555.4,B,total_area,NA,NA,NA
2,20190221,20190221-020-10X.jpg,_020,Low,76.97,B,lumen,198:258,120:258,90:215
3,20190221,20190221-020-10X.jpg,_020,Low,137.15,B,zoa,158:245,195:258,90:215
4,20190221,20190221-020-10X.jpg,_020,Low,331.4,B,cytes_zoa,158:255,145:258,90:215
1,20190221,20190221-020-10X.jpg,_020,Low,475.059,C,total_area,NA,NA,NA
2,20190221,20190221-020-10X.jpg,_020,Low,45.484,C,lumen,198:259,120:259,90:215
3,20190221,20190221-020-10X.jpg,_020,Low,108.437,C,zoa,158:265,195:259,90:215
4,20190221,20190221-020-10X.jpg,_020,Low,297.859,C,cytes_zoa,158:275,145:259,90:215
1,20190221,20190221-020-10X.jpg,_020,Low,146.963,D,total_area,NA,NA,NA
2,20190221,20190221-020-10X.jpg,_020,Low,17.223,D,lumen,198:259,120:259,90:215
3,20190221,20190221-020-10X.jpg,_020,Low,28.065,D,zoa,158:265,195:259,90:215
4,20190221,20190221-020-10X.jpg,_020,Low,91.709,D,cytes_zoa,158:275,145:259,90:215
1,20190221,20190221-026-10X.jpg,_026,Low,681.274,A,total_area,NA,NA,NA
2,20190221,20190221-026-10X.jpg,_026,Low,73.695,A,lumen,198:259,120:259,90:215
3,20190221,20190221-026-10X.jpg,_026,Low,167.316,A,zoa,158:265,195:259,90:215
4,20190221,20190221-026-10X.jpg,_026,Low,458.906,A,cytes_zoa,158:275,145:259,90:215
1,20190221,20190221-026-10X.jpg,_026,Low,357.991,B,total_area,NA,NA,NA
2,20190221,20190221-026-10X.jpg,_026,Low,33.668,B,lumen,198:259,120:259,90:215
3,20190221,20190221-026-10X.jpg,_026,Low,97.125,B,zoa,158:265,195:259,90:215
4,20190221,20190221-026-10X.jpg,_026,Low,210.985,B,cytes_zoa,158:275,145:259,90:215
1,20190221,20190221-026-10X.jpg,_026,Low,287.436,C,total_area,NA,NA,NA
2,20190221,20190221-026-10X.jpg,_026,Low,27.634,C,lumen,198:260,120:260,90:215
3,20190221,20190221-026-10X.jpg,_026,Low,84.423,C,zoa,158:285,195:260,90:215
4,20190221,20190221-026-10X.jpg,_026,Low,195.601,C,cytes_zoa,158:295,145:260,90:215
1,20190221,20190221-026-10X.jpg,_026,Low,529.68,D,total_area,NA,NA,NA
2,20190221,20190221-026-10X.jpg,_026,Low,28.363,D,lumen,198:260,120:260,90:215
3,20190221,20190221-026-10X.jpg,_026,Low,113.391,D,zoa,158:285,195:260,90:215
4,20190221,20190221-026-10X.jpg,_026,Low,383.541,D,cytes_zoa,158:295,145:260,90:215
1,20190221,20190221-029-10X.jpg,_029,Low,3266.722,A,total_area,NA,NA,NA
2,20190221,20190221-029-10X.jpg,_029,Low,39.143,A,lumen,198:260,120:260,90:215
3,20190221,20190221-029-10X.jpg,_029,Low,516.863,A,zoa,158:285,195:260,90:215
4,20190221,20190221-029-10X.jpg,_029,Low,2174.125,A,cytes_zoa,158:295,145:260,90:215
1,20190221,20190221-029-10X.jpg,_029,Low,774.345,B,total_area,NA,NA,NA
2,20190221,20190221-029-10X.jpg,_029,Low,32.034,B,lumen,198:260,120:260,90:215
3,20190221,20190221-029-10X.jpg,_029,Low,119.817,B,zoa,158:285,195:260,90:215
4,20190221,20190221-029-10X.jpg,_029,Low,390.911,B,cytes_zoa,158:295,145:260,90:215
1,20190221,20190221-029-10X.jpg,_029,Low,4129.956,C,total_area,NA,NA,NA
2,20190221,20190221-029-10X.jpg,_029,Low,101.548,C,lumen,198:261,120:261,90:215
3,20190221,20190221-029-10X.jpg,_029,Low,449.79,C,zoa,158:305,195:261,90:215
4,20190221,20190221-029-10X.jpg,_029,Low,2154.108,C,cytes_zoa,158:315,145:261,90:215
1,20190221,20190221-029-10X.jpg,_029,Low,589.594,D,total_area,NA,NA,NA
2,20190221,20190221-029-10X.jpg,_029,Low,9.22,D,lumen,198:261,120:261,90:215
3,20190221,20190221-029-10X.jpg,_029,Low,43.507,D,zoa,158:305,195:261,90:215
4,20190221,20190221-029-10X.jpg,_029,Low,388.798,D,cytes_zoa,158:315,145:261,90:215
1,20190221,20190221-038-10X.jpg,_038,Low,284.655,A,total_area,NA,NA,NA
2,20190221,20190221-038-10X.jpg,_038,Low,7.132,A,lumen,198:260,120:260,90:215
3,20190221,20190221-038-10X.jpg,_038,Low,46.114,A,zoa,158:285,195:260,90:215
4,20190221,20190221-038-10X.jpg,_038,Low,179.154,A,cytes_zoa,158:295,145:260,90:215
1,20190221,20190221-038-10X.jpg,_038,Low,164.011,B,total_area,NA,NA,NA
2,20190221,20190221-038-10X.jpg,_038,Low,2.276,B,lumen,198:260,120:260,90:215
3,20190221,20190221-038-10X.jpg,_038,Low,31.625,B,zoa,158:285,195:260,90:215
4,20190221,20190221-038-10X.jpg,_038,Low,107.723,B,cytes_zoa,158:295,145:260,90:215
1,20190221,20190221-038-10X.jpg,_038,Low,183.119,C,total_area,NA,NA,NA
2,20190221,20190221-038-10X.jpg,_038,Low,3.679,C,lumen,198:261,120:261,90:215
3,20190221,20190221-038-10X.jpg,_038,Low,24.825,C,zoa,158:305,195:261,90:215
4,20190221,20190221-038-10X.jpg,_038,Low,105.493,C,cytes_zoa,158:315,145:261,90:215
1,20190221,20190221-038-10X.jpg,_038,Low,33.92,D,total_area,NA,NA,NA
2,20190221,20190221-038-10X.jpg,_038,Low,0,D,lumen,198:261,120:261,90:215
3,20190221,20190221-038-10X.jpg,_038,Low,0,D,zoa,158:305,195:261,90:215
4,20190221,20190221-038-10X.jpg,_038,Low,21.206,D,cytes_zoa,158:315,145:261,90:215
1,20190221,20190221-042-10X.jpg,_042,Ambient,985.764,A,total_area,NA,NA,NA
2,20190221,20190221-042-10X.jpg,_042,Ambient,226.307,A,lumen,198:260,120:260,90:215
3,20190221,20190221-042-10X.jpg,_042,Ambient,266.527,A,zoa,158:285,195:260,90:215
4,20190221,20190221-042-10X.jpg,_042,Ambient,494.418,A,cytes_zoa,158:295,145:260,90:215
1,20190221,20190221-042-10X.jpg,_042,Ambient,1954.516,B,total_area,NA,NA,NA
2,20190221,20190221-042-10X.jpg,_042,Ambient,278.148,B,lumen,198:260,120:260,90:215
3,20190221,20190221-042-10X.jpg,_042,Ambient,424.219,B,zoa,158:285,195:260,90:215
4,20190221,20190221-042-10X.jpg,_042,Ambient,948.747,B,cytes_zoa,158:295,145:260,90:215
1,20190221,20190221-042-10X.jpg,_042,Ambient,1299.463,C,total_area,NA,NA,NA
2,20190221,20190221-042-10X.jpg,_042,Ambient,151.872,C,lumen,198:261,120:261,90:215
3,20190221,20190221-042-10X.jpg,_042,Ambient,267.861,C,zoa,158:305,195:261,90:215
4,20190221,20190221-042-10X.jpg,_042,Ambient,695.496,C,cytes_zoa,158:315,145:261,90:215
1,20190221,20190221-042-10X.jpg,_042,Ambient,1292.283,D,total_area,NA,NA,NA
2,20190221,20190221-042-10X.jpg,_042,Ambient,153.77,D,lumen,198:261,120:261,90:215
3,20190221,20190221-042-10X.jpg,_042,Ambient,357.071,D,zoa,158:305,195:261,90:215
4,20190221,20190221-042-10X.jpg,_042,Ambient,662.235,D,cytes_zoa,158:315,145:261,90:215
1,20190221,20190221-056-10X.jpg,_056,Ambient,345.463,A,total_area,NA,NA,NA
2,20190221,20190221-056-10X.jpg,_056,Ambient,35.873,A,lumen,198:260,120:260,90:215
3,20190221,20190221-056-10X.jpg,_056,Ambient,70.42,A,zoa,158:285,195:260,90:215
4,20190221,20190221-056-10X.jpg,_056,Ambient,213.11,A,cytes_zoa,158:295,145:260,90:215
1,20190221,20190221-056-10X.jpg,_056,Ambient,571.215,B,total_area,NA,NA,NA
2,20190221,20190221-056-10X.jpg,_056,Ambient,20.677,B,lumen,198:260,120:260,90:215
3,20190221,20190221-056-10X.jpg,_056,Ambient,135.203,B,zoa,158:285,195:260,90:215
4,20190221,20190221-056-10X.jpg,_056,Ambient,387.391,B,cytes_zoa,158:295,145:260,90:215
1,20190221,20190221-056-10X.jpg,_056,Ambient,651.806,C,total_area,NA,NA,NA
2,20190221,20190221-056-10X.jpg,_056,Ambient,57.134,C,lumen,198:261,120:261,90:215
3,20190221,20190221-056-10X.jpg,_056,Ambient,277.936,C,zoa,158:305,195:261,90:215
4,20190221,20190221-056-10X.jpg,_056,Ambient,483.41,C,cytes_zoa,158:315,145:261,90:215
1,20190221,20190221-056-10X.jpg,_056,Ambient,352.287,D,total_area,NA,NA,NA
2,20190221,20190221-056-10X.jpg,_056,Ambient,18.486,D,lumen,198:261,120:261,90:215
3,20190221,20190221-056-10X.jpg,_056,Ambient,111.546,D,zoa,158:305,195:261,90:215
4,20190221,20190221-056-10X.jpg,_056,Ambient,250.634,D,cytes_zoa,158:315,145:261,90:215
